Model,Mean Accuracy,Standard Deviation
Logistic Regression,0.8565591397849461,0.0662686697755876
Support Vector Machine,0.9281720430107526,0.04760126519964333
k-Nearest Neighbors,0.9279569892473118,0.05243961560473918
NN_1,0.9086021505376344,0.052041233418508984
NN_2,0.9350537634408603,0.040465552982107675
NN_3,0.9546236559139786,0.04369562259981517
